-- phpMyAdmin SQL Dump
-- version 5.2.0
-- https://www.phpmyadmin.net/
--
-- Host: localhost:3306
-- Generation Time: Jun 10, 2024 at 02:45 AM
-- Server version: 8.0.30
-- PHP Version: 8.1.10

SET SQL_MODE = "NO_AUTO_VALUE_ON_ZERO";
START TRANSACTION;
SET time_zone = "+00:00";


/*!40101 SET @OLD_CHARACTER_SET_CLIENT=@@CHARACTER_SET_CLIENT */;
/*!40101 SET @OLD_CHARACTER_SET_RESULTS=@@CHARACTER_SET_RESULTS */;
/*!40101 SET @OLD_COLLATION_CONNECTION=@@COLLATION_CONNECTION */;
/*!40101 SET NAMES utf8mb4 */;

--
-- Database: `asmphp2`
--

-- --------------------------------------------------------

--
-- Table structure for table `categories`
--

CREATE TABLE `categories` (
  `id` int NOT NULL,
  `name` varchar(50) NOT NULL
) ENGINE=InnoDB DEFAULT CHARSET=utf8mb4 COLLATE=utf8mb4_0900_ai_ci;

--
-- Dumping data for table `categories`
--

INSERT INTO `categories` (`id`, `name`) VALUES
(1, 'Điện thoại di động'),
(2, 'Laptop');

-- --------------------------------------------------------

--
-- Table structure for table `products`
--

CREATE TABLE `products` (
  `id` int NOT NULL,
  `category_id` int NOT NULL,
  `name` varchar(255) NOT NULL,
  `img_thumbnail` varchar(255) DEFAULT NULL,
  `overview` varchar(255) DEFAULT NULL,
  `content` text,
  `created_at` timestamp NULL DEFAULT CURRENT_TIMESTAMP,
  `updated_at` timestamp NULL DEFAULT CURRENT_TIMESTAMP
) ENGINE=InnoDB DEFAULT CHARSET=utf8mb4 COLLATE=utf8mb4_0900_ai_ci;

--
-- Dumping data for table `products`
--

INSERT INTO `products` (`id`, `category_id`, `name`, `img_thumbnail`, `overview`, `content`, `created_at`, `updated_at`) VALUES
(1, 1, 'Xiaomi K30', 'assets/img/phone.jpg', 'Lorem ipsum dolor sit amet, consectetur adipiscing elit, sed do eiusmod tempor incididunt ut labore et dolore magna aliqua. Ut enim ad minim veniam, quis nostrud exercitation ullamco laboris nisi ut aliquip ex ea commodo consequat.', '<div class=\"gr\">\n    <figure class=\"g12-xs g3-md page-section__image\">\n      <img src=\"https://loremipsum.io/assets/images/lorem-ipsum-magazine-layout.jpg\" alt=\"Lorem ipsum used in a magazine layout\">\n      <figcaption>\n        <div class=\"page-section__squiggle\">\n          <div class=\"page-section__squiggle-one\"></div>\n          <div class=\"page-section__squiggle-two\"></div>\n        </div>\n        <h4 class=\"f5 cl-gray-1 page-section__caption\">Magazine layout with lorem ipsum</h4>\n      </figcaption>\n    </figure>\n    <div class=\"g12-xs g9-md g6-xl page-section__block\">\n      <h3 class=\"f5 cl-orange mb16\">History, Purpose and Usage</h3>\n      <p class=\"f4 cl-white mt0 mb16\"><em>Lorem ipsum</em>, or <em>lipsum</em> as it is sometimes known, is dummy text used in laying out print, graphic or web designs. The passage is attributed to an unknown typesetter in the 15th century who is thought to have scrambled parts of Cicero\'s <em>De Finibus Bonorum et Malorum</em> for use in a type specimen book. It usually begins with:\n</p>\n      <blockquote class=\"page-section__blockquote\">“Lorem ipsum dolor sit amet, consectetur adipiscing elit, sed do eiusmod tempor incididunt ut labore et dolore magna aliqua.”</blockquote>\n      <p class=\"f4 cl-white mv16\">The purpose of <em>lorem ipsum</em> is to create a natural looking block of text (sentence, paragraph, page, etc.) that doesn\'t distract from the layout. A practice not without <a href=\"#controversy\" title=\"Controversy in the Design World\">controversy</a>, laying out pages with meaningless filler text can be very useful when the focus is meant to be on design, not content.\n</p>\n      <p class=\"f4 cl-white mv16\">The passage experienced a surge in popularity during the 1960s when Letraset used it on their dry-transfer sheets, and again during the 90s as desktop publishers bundled the text with their software. Today it\'s seen all around the web; on templates, websites, and stock designs. Use our <a href=\"#generator\" title=\"Lorem Ipsum Generator\">generator</a> to get your own, or read on for the authoritative history of <em>lorem ipsum</em>.\n</p>\n    </div>\n    <div class=\"g12-xs g3-xl page-display s-half-page\">\n      <div class=\"page-display__block\">\n\n        <div align=\"center\" data-freestar-ad=\"__300x600\" id=\"loremipsum_siderail_right_2\" name=\"loremipsum_siderail_right_2\" data-google-query-id=\"\">\n          <script data-cfasync=\"false\" type=\"text/javascript\">\n            freestar.config.enabled_slots.push({ placementName: \"loremipsum_siderail_right_2\", slotId: \"loremipsum_siderail_right_2\" });\n          </script>\n        <div id=\"google_ads_iframe_/15184186,22580084566/loremipsum_siderail_right_2_0__container__\" style=\"border: 0pt none; width: 300px; height: 0px;\"></div></div>\n      </div>\n    </div>\n  </div>', '2024-05-31 02:41:03', '2024-05-31 02:41:03'),
(2, 1, 'Xiaomi K54', 'assets/img/phone.jpg', 'Lorem ipsum dolor sit amet, consectetur adipiscing elit, sed do eiusmod tempor incididunt ut labore et dolore magna aliqua. Ut enim ad minim veniam, quis nostrud exercitation ullamco laboris nisi ut aliquip ex ea commodo consequat.', '<div class=\"gr\">\n    <figure class=\"g12-xs g3-md page-section__image\">\n      <img src=\"https://loremipsum.io/assets/images/lorem-ipsum-magazine-layout.jpg\" alt=\"Lorem ipsum used in a magazine layout\">\n      <figcaption>\n        <div class=\"page-section__squiggle\">\n          <div class=\"page-section__squiggle-one\"></div>\n          <div class=\"page-section__squiggle-two\"></div>\n        </div>\n        <h4 class=\"f5 cl-gray-1 page-section__caption\">Magazine layout with lorem ipsum</h4>\n      </figcaption>\n    </figure>\n    <div class=\"g12-xs g9-md g6-xl page-section__block\">\n      <h3 class=\"f5 cl-orange mb16\">History, Purpose and Usage</h3>\n      <p class=\"f4 cl-white mt0 mb16\"><em>Lorem ipsum</em>, or <em>lipsum</em> as it is sometimes known, is dummy text used in laying out print, graphic or web designs. The passage is attributed to an unknown typesetter in the 15th century who is thought to have scrambled parts of Cicero\'s <em>De Finibus Bonorum et Malorum</em> for use in a type specimen book. It usually begins with:\n</p>\n      <blockquote class=\"page-section__blockquote\">“Lorem ipsum dolor sit amet, consectetur adipiscing elit, sed do eiusmod tempor incididunt ut labore et dolore magna aliqua.”</blockquote>\n      <p class=\"f4 cl-white mv16\">The purpose of <em>lorem ipsum</em> is to create a natural looking block of text (sentence, paragraph, page, etc.) that doesn\'t distract from the layout. A practice not without <a href=\"#controversy\" title=\"Controversy in the Design World\">controversy</a>, laying out pages with meaningless filler text can be very useful when the focus is meant to be on design, not content.\n</p>\n      <p class=\"f4 cl-white mv16\">The passage experienced a surge in popularity during the 1960s when Letraset used it on their dry-transfer sheets, and again during the 90s as desktop publishers bundled the text with their software. Today it\'s seen all around the web; on templates, websites, and stock designs. Use our <a href=\"#generator\" title=\"Lorem Ipsum Generator\">generator</a> to get your own, or read on for the authoritative history of <em>lorem ipsum</em>.\n</p>\n    </div>\n    <div class=\"g12-xs g3-xl page-display s-half-page\">\n      <div class=\"page-display__block\">\n\n        <div align=\"center\" data-freestar-ad=\"__300x600\" id=\"loremipsum_siderail_right_2\" name=\"loremipsum_siderail_right_2\" data-google-query-id=\"\">\n          <script data-cfasync=\"false\" type=\"text/javascript\">\n            freestar.config.enabled_slots.push({ placementName: \"loremipsum_siderail_right_2\", slotId: \"loremipsum_siderail_right_2\" });\n          </script>\n        <div id=\"google_ads_iframe_/15184186,22580084566/loremipsum_siderail_right_2_0__container__\" style=\"border: 0pt none; width: 300px; height: 0px;\"></div></div>\n      </div>\n    </div>\n  </div>', '2024-05-31 02:43:48', '2024-05-31 02:43:48'),
(3, 1, 'Xiaomi 8PRO', 'assets/img/phone.jpg', 'Lorem ipsum dolor sit amet, consectetur adipiscing elit, sed do eiusmod tempor incididunt ut labore et dolore magna aliqua. Ut enim ad minim veniam, quis nostrud exercitation ullamco laboris nisi ut aliquip ex ea commodo consequat.', '<div class=\"gr\">\n    <figure class=\"g12-xs g3-md page-section__image\">\n      <img src=\"https://loremipsum.io/assets/images/lorem-ipsum-magazine-layout.jpg\" alt=\"Lorem ipsum used in a magazine layout\">\n      <figcaption>\n        <div class=\"page-section__squiggle\">\n          <div class=\"page-section__squiggle-one\"></div>\n          <div class=\"page-section__squiggle-two\"></div>\n        </div>\n        <h4 class=\"f5 cl-gray-1 page-section__caption\">Magazine layout with lorem ipsum</h4>\n      </figcaption>\n    </figure>\n    <div class=\"g12-xs g9-md g6-xl page-section__block\">\n      <h3 class=\"f5 cl-orange mb16\">History, Purpose and Usage</h3>\n      <p class=\"f4 cl-white mt0 mb16\"><em>Lorem ipsum</em>, or <em>lipsum</em> as it is sometimes known, is dummy text used in laying out print, graphic or web designs. The passage is attributed to an unknown typesetter in the 15th century who is thought to have scrambled parts of Cicero\'s <em>De Finibus Bonorum et Malorum</em> for use in a type specimen book. It usually begins with:\n</p>\n      <blockquote class=\"page-section__blockquote\">“Lorem ipsum dolor sit amet, consectetur adipiscing elit, sed do eiusmod tempor incididunt ut labore et dolore magna aliqua.”</blockquote>\n      <p class=\"f4 cl-white mv16\">The purpose of <em>lorem ipsum</em> is to create a natural looking block of text (sentence, paragraph, page, etc.) that doesn\'t distract from the layout. A practice not without <a href=\"#controversy\" title=\"Controversy in the Design World\">controversy</a>, laying out pages with meaningless filler text can be very useful when the focus is meant to be on design, not content.\n</p>\n      <p class=\"f4 cl-white mv16\">The passage experienced a surge in popularity during the 1960s when Letraset used it on their dry-transfer sheets, and again during the 90s as desktop publishers bundled the text with their software. Today it\'s seen all around the web; on templates, websites, and stock designs. Use our <a href=\"#generator\" title=\"Lorem Ipsum Generator\">generator</a> to get your own, or read on for the authoritative history of <em>lorem ipsum</em>.\n</p>\n    </div>\n    <div class=\"g12-xs g3-xl page-display s-half-page\">\n      <div class=\"page-display__block\">\n\n        <div align=\"center\" data-freestar-ad=\"__300x600\" id=\"loremipsum_siderail_right_2\" name=\"loremipsum_siderail_right_2\" data-google-query-id=\"\">\n          <script data-cfasync=\"false\" type=\"text/javascript\">\n            freestar.config.enabled_slots.push({ placementName: \"loremipsum_siderail_right_2\", slotId: \"loremipsum_siderail_right_2\" });\n          </script>\n        <div id=\"google_ads_iframe_/15184186,22580084566/loremipsum_siderail_right_2_0__container__\" style=\"border: 0pt none; width: 300px; height: 0px;\"></div></div>\n      </div>\n    </div>\n  </div>', '2024-05-31 02:43:48', '2024-05-31 02:43:48'),
(4, 2, 'ASUS OFFICE O35', 'assets/img/laptop.jpg', 'Lorem ipsum dolor sit amet, consectetur adipiscing elit, sed do eiusmod tempor incididunt ut labore et dolore magna aliqua. Ut enim ad minim veniam, quis nostrud exercitation ullamco laboris nisi ut aliquip ex ea commodo consequat.', '<div class=\"gr\">\n    <figure class=\"g12-xs g3-md page-section__image\">\n      <img src=\"https://loremipsum.io/assets/images/lorem-ipsum-magazine-layout.jpg\" alt=\"Lorem ipsum used in a magazine layout\">\n      <figcaption>\n        <div class=\"page-section__squiggle\">\n          <div class=\"page-section__squiggle-one\"></div>\n          <div class=\"page-section__squiggle-two\"></div>\n        </div>\n        <h4 class=\"f5 cl-gray-1 page-section__caption\">Magazine layout with lorem ipsum</h4>\n      </figcaption>\n    </figure>\n    <div class=\"g12-xs g9-md g6-xl page-section__block\">\n      <h3 class=\"f5 cl-orange mb16\">History, Purpose and Usage</h3>\n      <p class=\"f4 cl-white mt0 mb16\"><em>Lorem ipsum</em>, or <em>lipsum</em> as it is sometimes known, is dummy text used in laying out print, graphic or web designs. The passage is attributed to an unknown typesetter in the 15th century who is thought to have scrambled parts of Cicero\'s <em>De Finibus Bonorum et Malorum</em> for use in a type specimen book. It usually begins with:\n</p>\n      <blockquote class=\"page-section__blockquote\">“Lorem ipsum dolor sit amet, consectetur adipiscing elit, sed do eiusmod tempor incididunt ut labore et dolore magna aliqua.”</blockquote>\n      <p class=\"f4 cl-white mv16\">The purpose of <em>lorem ipsum</em> is to create a natural looking block of text (sentence, paragraph, page, etc.) that doesn\'t distract from the layout. A practice not without <a href=\"#controversy\" title=\"Controversy in the Design World\">controversy</a>, laying out pages with meaningless filler text can be very useful when the focus is meant to be on design, not content.\n</p>\n      <p class=\"f4 cl-white mv16\">The passage experienced a surge in popularity during the 1960s when Letraset used it on their dry-transfer sheets, and again during the 90s as desktop publishers bundled the text with their software. Today it\'s seen all around the web; on templates, websites, and stock designs. Use our <a href=\"#generator\" title=\"Lorem Ipsum Generator\">generator</a> to get your own, or read on for the authoritative history of <em>lorem ipsum</em>.\n</p>\n    </div>\n    <div class=\"g12-xs g3-xl page-display s-half-page\">\n      <div class=\"page-display__block\">\n\n        <div align=\"center\" data-freestar-ad=\"__300x600\" id=\"loremipsum_siderail_right_2\" name=\"loremipsum_siderail_right_2\" data-google-query-id=\"\">\n          <script data-cfasync=\"false\" type=\"text/javascript\">\n            freestar.config.enabled_slots.push({ placementName: \"loremipsum_siderail_right_2\", slotId: \"loremipsum_siderail_right_2\" });\n          </script>\n        <div id=\"google_ads_iframe_/15184186,22580084566/loremipsum_siderail_right_2_0__container__\" style=\"border: 0pt none; width: 300px; height: 0px;\"></div></div>\n      </div>\n    </div>\n  </div>', '2024-05-31 02:43:48', '2024-05-31 02:43:48'),
(5, 1, 'IPHONE 12', 'assets/img/phone.jpg', 'Lorem ipsum dolor sit amet, consectetur adipiscing elit, sed do eiusmod tempor incididunt ut labore et dolore magna aliqua. Ut enim ad minim veniam, quis nostrud exercitation ullamco laboris nisi ut aliquip ex ea commodo consequat.', '<div class=\"gr\">\n    <figure class=\"g12-xs g3-md page-section__image\">\n      <img src=\"https://loremipsum.io/assets/images/lorem-ipsum-magazine-layout.jpg\" alt=\"Lorem ipsum used in a magazine layout\">\n      <figcaption>\n        <div class=\"page-section__squiggle\">\n          <div class=\"page-section__squiggle-one\"></div>\n          <div class=\"page-section__squiggle-two\"></div>\n        </div>\n        <h4 class=\"f5 cl-gray-1 page-section__caption\">Magazine layout with lorem ipsum</h4>\n      </figcaption>\n    </figure>\n    <div class=\"g12-xs g9-md g6-xl page-section__block\">\n      <h3 class=\"f5 cl-orange mb16\">History, Purpose and Usage</h3>\n      <p class=\"f4 cl-white mt0 mb16\"><em>Lorem ipsum</em>, or <em>lipsum</em> as it is sometimes known, is dummy text used in laying out print, graphic or web designs. The passage is attributed to an unknown typesetter in the 15th century who is thought to have scrambled parts of Cicero\'s <em>De Finibus Bonorum et Malorum</em> for use in a type specimen book. It usually begins with:\n</p>\n      <blockquote class=\"page-section__blockquote\">“Lorem ipsum dolor sit amet, consectetur adipiscing elit, sed do eiusmod tempor incididunt ut labore et dolore magna aliqua.”</blockquote>\n      <p class=\"f4 cl-white mv16\">The purpose of <em>lorem ipsum</em> is to create a natural looking block of text (sentence, paragraph, page, etc.) that doesn\'t distract from the layout. A practice not without <a href=\"#controversy\" title=\"Controversy in the Design World\">controversy</a>, laying out pages with meaningless filler text can be very useful when the focus is meant to be on design, not content.\n</p>\n      <p class=\"f4 cl-white mv16\">The passage experienced a surge in popularity during the 1960s when Letraset used it on their dry-transfer sheets, and again during the 90s as desktop publishers bundled the text with their software. Today it\'s seen all around the web; on templates, websites, and stock designs. Use our <a href=\"#generator\" title=\"Lorem Ipsum Generator\">generator</a> to get your own, or read on for the authoritative history of <em>lorem ipsum</em>.\n</p>\n    </div>\n    <div class=\"g12-xs g3-xl page-display s-half-page\">\n      <div class=\"page-display__block\">\n\n        <div align=\"center\" data-freestar-ad=\"__300x600\" id=\"loremipsum_siderail_right_2\" name=\"loremipsum_siderail_right_2\" data-google-query-id=\"\">\n          <script data-cfasync=\"false\" type=\"text/javascript\">\n            freestar.config.enabled_slots.push({ placementName: \"loremipsum_siderail_right_2\", slotId: \"loremipsum_siderail_right_2\" });\n          </script>\n        <div id=\"google_ads_iframe_/15184186,22580084566/loremipsum_siderail_right_2_0__container__\" style=\"border: 0pt none; width: 300px; height: 0px;\"></div></div>\n      </div>\n    </div>\n  </div>', '2024-05-31 02:43:48', '2024-05-31 02:43:48'),
(6, 2, 'ASUS GAMING G56', 'assets/img/laptop.jpg', 'Lorem ipsum dolor sit amet, consectetur adipiscing elit, sed do eiusmod tempor incididunt ut labore et dolore magna aliqua. Ut enim ad minim veniam, quis nostrud exercitation ullamco laboris nisi ut aliquip ex ea commodo consequat.', '<div class=\"gr\">\n    <figure class=\"g12-xs g3-md page-section__image\">\n      <img src=\"https://loremipsum.io/assets/images/lorem-ipsum-magazine-layout.jpg\" alt=\"Lorem ipsum used in a magazine layout\">\n      <figcaption>\n        <div class=\"page-section__squiggle\">\n          <div class=\"page-section__squiggle-one\"></div>\n          <div class=\"page-section__squiggle-two\"></div>\n        </div>\n        <h4 class=\"f5 cl-gray-1 page-section__caption\">Magazine layout with lorem ipsum</h4>\n      </figcaption>\n    </figure>\n    <div class=\"g12-xs g9-md g6-xl page-section__block\">\n      <h3 class=\"f5 cl-orange mb16\">History, Purpose and Usage</h3>\n      <p class=\"f4 cl-white mt0 mb16\"><em>Lorem ipsum</em>, or <em>lipsum</em> as it is sometimes known, is dummy text used in laying out print, graphic or web designs. The passage is attributed to an unknown typesetter in the 15th century who is thought to have scrambled parts of Cicero\'s <em>De Finibus Bonorum et Malorum</em> for use in a type specimen book. It usually begins with:\n</p>\n      <blockquote class=\"page-section__blockquote\">“Lorem ipsum dolor sit amet, consectetur adipiscing elit, sed do eiusmod tempor incididunt ut labore et dolore magna aliqua.”</blockquote>\n      <p class=\"f4 cl-white mv16\">The purpose of <em>lorem ipsum</em> is to create a natural looking block of text (sentence, paragraph, page, etc.) that doesn\'t distract from the layout. A practice not without <a href=\"#controversy\" title=\"Controversy in the Design World\">controversy</a>, laying out pages with meaningless filler text can be very useful when the focus is meant to be on design, not content.\n</p>\n      <p class=\"f4 cl-white mv16\">The passage experienced a surge in popularity during the 1960s when Letraset used it on their dry-transfer sheets, and again during the 90s as desktop publishers bundled the text with their software. Today it\'s seen all around the web; on templates, websites, and stock designs. Use our <a href=\"#generator\" title=\"Lorem Ipsum Generator\">generator</a> to get your own, or read on for the authoritative history of <em>lorem ipsum</em>.\n</p>\n    </div>\n    <div class=\"g12-xs g3-xl page-display s-half-page\">\n      <div class=\"page-display__block\">\n\n        <div align=\"center\" data-freestar-ad=\"__300x600\" id=\"loremipsum_siderail_right_2\" name=\"loremipsum_siderail_right_2\" data-google-query-id=\"\">\n          <script data-cfasync=\"false\" type=\"text/javascript\">\n            freestar.config.enabled_slots.push({ placementName: \"loremipsum_siderail_right_2\", slotId: \"loremipsum_siderail_right_2\" });\n          </script>\n        <div id=\"google_ads_iframe_/15184186,22580084566/loremipsum_siderail_right_2_0__container__\" style=\"border: 0pt none; width: 300px; height: 0px;\"></div></div>\n      </div>\n    </div>\n  </div>', '2024-05-31 02:43:48', '2024-05-31 02:43:48'),
(7, 1, 'IPHONE 13', 'assets/img/phone.jpg', 'Lorem ipsum dolor sit amet, consectetur adipiscing elit, sed do eiusmod tempor incididunt ut labore et dolore magna aliqua. Ut enim ad minim veniam, quis nostrud exercitation ullamco laboris nisi ut aliquip ex ea commodo consequat.', '<div class=\"gr\">\n    <figure class=\"g12-xs g3-md page-section__image\">\n      <img src=\"https://loremipsum.io/assets/images/lorem-ipsum-magazine-layout.jpg\" alt=\"Lorem ipsum used in a magazine layout\">\n      <figcaption>\n        <div class=\"page-section__squiggle\">\n          <div class=\"page-section__squiggle-one\"></div>\n          <div class=\"page-section__squiggle-two\"></div>\n        </div>\n        <h4 class=\"f5 cl-gray-1 page-section__caption\">Magazine layout with lorem ipsum</h4>\n      </figcaption>\n    </figure>\n    <div class=\"g12-xs g9-md g6-xl page-section__block\">\n      <h3 class=\"f5 cl-orange mb16\">History, Purpose and Usage</h3>\n      <p class=\"f4 cl-white mt0 mb16\"><em>Lorem ipsum</em>, or <em>lipsum</em> as it is sometimes known, is dummy text used in laying out print, graphic or web designs. The passage is attributed to an unknown typesetter in the 15th century who is thought to have scrambled parts of Cicero\'s <em>De Finibus Bonorum et Malorum</em> for use in a type specimen book. It usually begins with:\n</p>\n      <blockquote class=\"page-section__blockquote\">“Lorem ipsum dolor sit amet, consectetur adipiscing elit, sed do eiusmod tempor incididunt ut labore et dolore magna aliqua.”</blockquote>\n      <p class=\"f4 cl-white mv16\">The purpose of <em>lorem ipsum</em> is to create a natural looking block of text (sentence, paragraph, page, etc.) that doesn\'t distract from the layout. A practice not without <a href=\"#controversy\" title=\"Controversy in the Design World\">controversy</a>, laying out pages with meaningless filler text can be very useful when the focus is meant to be on design, not content.\n</p>\n      <p class=\"f4 cl-white mv16\">The passage experienced a surge in popularity during the 1960s when Letraset used it on their dry-transfer sheets, and again during the 90s as desktop publishers bundled the text with their software. Today it\'s seen all around the web; on templates, websites, and stock designs. Use our <a href=\"#generator\" title=\"Lorem Ipsum Generator\">generator</a> to get your own, or read on for the authoritative history of <em>lorem ipsum</em>.\n</p>\n    </div>\n    <div class=\"g12-xs g3-xl page-display s-half-page\">\n      <div class=\"page-display__block\">\n\n        <div align=\"center\" data-freestar-ad=\"__300x600\" id=\"loremipsum_siderail_right_2\" name=\"loremipsum_siderail_right_2\" data-google-query-id=\"\">\n          <script data-cfasync=\"false\" type=\"text/javascript\">\n            freestar.config.enabled_slots.push({ placementName: \"loremipsum_siderail_right_2\", slotId: \"loremipsum_siderail_right_2\" });\n          </script>\n        <div id=\"google_ads_iframe_/15184186,22580084566/loremipsum_siderail_right_2_0__container__\" style=\"border: 0pt none; width: 300px; height: 0px;\"></div></div>\n      </div>\n    </div>\n  </div>', '2024-05-31 02:43:48', '2024-05-31 02:43:48'),
(8, 1, 'IPHONE 14', 'assets/img/phone.jpg', 'Lorem ipsum dolor sit amet, consectetur adipiscing elit, sed do eiusmod tempor incididunt ut labore et dolore magna aliqua. Ut enim ad minim veniam, quis nostrud exercitation ullamco laboris nisi ut aliquip ex ea commodo consequat.', '<div class=\"gr\">\n    <figure class=\"g12-xs g3-md page-section__image\">\n      <img src=\"https://loremipsum.io/assets/images/lorem-ipsum-magazine-layout.jpg\" alt=\"Lorem ipsum used in a magazine layout\">\n      <figcaption>\n        <div class=\"page-section__squiggle\">\n          <div class=\"page-section__squiggle-one\"></div>\n          <div class=\"page-section__squiggle-two\"></div>\n        </div>\n        <h4 class=\"f5 cl-gray-1 page-section__caption\">Magazine layout with lorem ipsum</h4>\n      </figcaption>\n    </figure>\n    <div class=\"g12-xs g9-md g6-xl page-section__block\">\n      <h3 class=\"f5 cl-orange mb16\">History, Purpose and Usage</h3>\n      <p class=\"f4 cl-white mt0 mb16\"><em>Lorem ipsum</em>, or <em>lipsum</em> as it is sometimes known, is dummy text used in laying out print, graphic or web designs. The passage is attributed to an unknown typesetter in the 15th century who is thought to have scrambled parts of Cicero\'s <em>De Finibus Bonorum et Malorum</em> for use in a type specimen book. It usually begins with:\n</p>\n      <blockquote class=\"page-section__blockquote\">“Lorem ipsum dolor sit amet, consectetur adipiscing elit, sed do eiusmod tempor incididunt ut labore et dolore magna aliqua.”</blockquote>\n      <p class=\"f4 cl-white mv16\">The purpose of <em>lorem ipsum</em> is to create a natural looking block of text (sentence, paragraph, page, etc.) that doesn\'t distract from the layout. A practice not without <a href=\"#controversy\" title=\"Controversy in the Design World\">controversy</a>, laying out pages with meaningless filler text can be very useful when the focus is meant to be on design, not content.\n</p>\n      <p class=\"f4 cl-white mv16\">The passage experienced a surge in popularity during the 1960s when Letraset used it on their dry-transfer sheets, and again during the 90s as desktop publishers bundled the text with their software. Today it\'s seen all around the web; on templates, websites, and stock designs. Use our <a href=\"#generator\" title=\"Lorem Ipsum Generator\">generator</a> to get your own, or read on for the authoritative history of <em>lorem ipsum</em>.\n</p>\n    </div>\n    <div class=\"g12-xs g3-xl page-display s-half-page\">\n      <div class=\"page-display__block\">\n\n        <div align=\"center\" data-freestar-ad=\"__300x600\" id=\"loremipsum_siderail_right_2\" name=\"loremipsum_siderail_right_2\" data-google-query-id=\"\">\n          <script data-cfasync=\"false\" type=\"text/javascript\">\n            freestar.config.enabled_slots.push({ placementName: \"loremipsum_siderail_right_2\", slotId: \"loremipsum_siderail_right_2\" });\n          </script>\n        <div id=\"google_ads_iframe_/15184186,22580084566/loremipsum_siderail_right_2_0__container__\" style=\"border: 0pt none; width: 300px; height: 0px;\"></div></div>\n      </div>\n    </div>\n  </div>', '2024-05-31 02:43:48', '2024-05-31 02:43:48'),
(9, 2, 'ASUS TUF FX25', 'assets/img/laptop.jpg', 'Lorem ipsum dolor sit amet, consectetur adipiscing elit, sed do eiusmod tempor incididunt ut labore et dolore magna aliqua. Ut enim ad minim veniam, quis nostrud exercitation ullamco laboris nisi ut aliquip ex ea commodo consequat.', '<div class=\"gr\">\n    <figure class=\"g12-xs g3-md page-section__image\">\n      <img src=\"https://loremipsum.io/assets/images/lorem-ipsum-magazine-layout.jpg\" alt=\"Lorem ipsum used in a magazine layout\">\n      <figcaption>\n        <div class=\"page-section__squiggle\">\n          <div class=\"page-section__squiggle-one\"></div>\n          <div class=\"page-section__squiggle-two\"></div>\n        </div>\n        <h4 class=\"f5 cl-gray-1 page-section__caption\">Magazine layout with lorem ipsum</h4>\n      </figcaption>\n    </figure>\n    <div class=\"g12-xs g9-md g6-xl page-section__block\">\n      <h3 class=\"f5 cl-orange mb16\">History, Purpose and Usage</h3>\n      <p class=\"f4 cl-white mt0 mb16\"><em>Lorem ipsum</em>, or <em>lipsum</em> as it is sometimes known, is dummy text used in laying out print, graphic or web designs. The passage is attributed to an unknown typesetter in the 15th century who is thought to have scrambled parts of Cicero\'s <em>De Finibus Bonorum et Malorum</em> for use in a type specimen book. It usually begins with:\n</p>\n      <blockquote class=\"page-section__blockquote\">“Lorem ipsum dolor sit amet, consectetur adipiscing elit, sed do eiusmod tempor incididunt ut labore et dolore magna aliqua.”</blockquote>\n      <p class=\"f4 cl-white mv16\">The purpose of <em>lorem ipsum</em> is to create a natural looking block of text (sentence, paragraph, page, etc.) that doesn\'t distract from the layout. A practice not without <a href=\"#controversy\" title=\"Controversy in the Design World\">controversy</a>, laying out pages with meaningless filler text can be very useful when the focus is meant to be on design, not content.\n</p>\n      <p class=\"f4 cl-white mv16\">The passage experienced a surge in popularity during the 1960s when Letraset used it on their dry-transfer sheets, and again during the 90s as desktop publishers bundled the text with their software. Today it\'s seen all around the web; on templates, websites, and stock designs. Use our <a href=\"#generator\" title=\"Lorem Ipsum Generator\">generator</a> to get your own, or read on for the authoritative history of <em>lorem ipsum</em>.\n</p>\n    </div>\n    <div class=\"g12-xs g3-xl page-display s-half-page\">\n      <div class=\"page-display__block\">\n\n        <div align=\"center\" data-freestar-ad=\"__300x600\" id=\"loremipsum_siderail_right_2\" name=\"loremipsum_siderail_right_2\" data-google-query-id=\"\">\n          <script data-cfasync=\"false\" type=\"text/javascript\">\n            freestar.config.enabled_slots.push({ placementName: \"loremipsum_siderail_right_2\", slotId: \"loremipsum_siderail_right_2\" });\n          </script>\n        <div id=\"google_ads_iframe_/15184186,22580084566/loremipsum_siderail_right_2_0__container__\" style=\"border: 0pt none; width: 300px; height: 0px;\"></div></div>\n      </div>\n    </div>\n  </div>', '2024-05-31 02:43:48', '2024-05-31 02:43:48'),
(10, 1, 'IPHONE 15', 'assets/img/phone.jpg', 'Lorem ipsum dolor sit amet, consectetur adipiscing elit, sed do eiusmod tempor incididunt ut labore et dolore magna aliqua. Ut enim ad minim veniam, quis nostrud exercitation ullamco laboris nisi ut aliquip ex ea commodo consequat.', '<div class=\"gr\">\n    <figure class=\"g12-xs g3-md page-section__image\">\n      <img src=\"https://loremipsum.io/assets/images/lorem-ipsum-magazine-layout.jpg\" alt=\"Lorem ipsum used in a magazine layout\">\n      <figcaption>\n        <div class=\"page-section__squiggle\">\n          <div class=\"page-section__squiggle-one\"></div>\n          <div class=\"page-section__squiggle-two\"></div>\n        </div>\n        <h4 class=\"f5 cl-gray-1 page-section__caption\">Magazine layout with lorem ipsum</h4>\n      </figcaption>\n    </figure>\n    <div class=\"g12-xs g9-md g6-xl page-section__block\">\n      <h3 class=\"f5 cl-orange mb16\">History, Purpose and Usage</h3>\n      <p class=\"f4 cl-white mt0 mb16\"><em>Lorem ipsum</em>, or <em>lipsum</em> as it is sometimes known, is dummy text used in laying out print, graphic or web designs. The passage is attributed to an unknown typesetter in the 15th century who is thought to have scrambled parts of Cicero\'s <em>De Finibus Bonorum et Malorum</em> for use in a type specimen book. It usually begins with:\n</p>\n      <blockquote class=\"page-section__blockquote\">“Lorem ipsum dolor sit amet, consectetur adipiscing elit, sed do eiusmod tempor incididunt ut labore et dolore magna aliqua.”</blockquote>\n      <p class=\"f4 cl-white mv16\">The purpose of <em>lorem ipsum</em> is to create a natural looking block of text (sentence, paragraph, page, etc.) that doesn\'t distract from the layout. A practice not without <a href=\"#controversy\" title=\"Controversy in the Design World\">controversy</a>, laying out pages with meaningless filler text can be very useful when the focus is meant to be on design, not content.\n</p>\n      <p class=\"f4 cl-white mv16\">The passage experienced a surge in popularity during the 1960s when Letraset used it on their dry-transfer sheets, and again during the 90s as desktop publishers bundled the text with their software. Today it\'s seen all around the web; on templates, websites, and stock designs. Use our <a href=\"#generator\" title=\"Lorem Ipsum Generator\">generator</a> to get your own, or read on for the authoritative history of <em>lorem ipsum</em>.\n</p>\n    </div>\n    <div class=\"g12-xs g3-xl page-display s-half-page\">\n      <div class=\"page-display__block\">\n\n        <div align=\"center\" data-freestar-ad=\"__300x600\" id=\"loremipsum_siderail_right_2\" name=\"loremipsum_siderail_right_2\" data-google-query-id=\"\">\n          <script data-cfasync=\"false\" type=\"text/javascript\">\n            freestar.config.enabled_slots.push({ placementName: \"loremipsum_siderail_right_2\", slotId: \"loremipsum_siderail_right_2\" });\n          </script>\n        <div id=\"google_ads_iframe_/15184186,22580084566/loremipsum_siderail_right_2_0__container__\" style=\"border: 0pt none; width: 300px; height: 0px;\"></div></div>\n      </div>\n    </div>\n  </div>', '2024-05-31 02:43:48', '2024-05-31 02:43:48'),
(11, 2, 'ASUS AIO 45X', 'assets/img/laptop.jpg', 'Lorem ipsum dolor sit amet, consectetur adipiscing elit, sed do eiusmod tempor incididunt ut labore et dolore magna aliqua. Ut enim ad minim veniam, quis nostrud exercitation ullamco laboris nisi ut aliquip ex ea commodo consequat.', '<div class=\"gr\">\n    <figure class=\"g12-xs g3-md page-section__image\">\n      <img src=\"https://loremipsum.io/assets/images/lorem-ipsum-magazine-layout.jpg\" alt=\"Lorem ipsum used in a magazine layout\">\n      <figcaption>\n        <div class=\"page-section__squiggle\">\n          <div class=\"page-section__squiggle-one\"></div>\n          <div class=\"page-section__squiggle-two\"></div>\n        </div>\n        <h4 class=\"f5 cl-gray-1 page-section__caption\">Magazine layout with lorem ipsum</h4>\n      </figcaption>\n    </figure>\n    <div class=\"g12-xs g9-md g6-xl page-section__block\">\n      <h3 class=\"f5 cl-orange mb16\">History, Purpose and Usage</h3>\n      <p class=\"f4 cl-white mt0 mb16\"><em>Lorem ipsum</em>, or <em>lipsum</em> as it is sometimes known, is dummy text used in laying out print, graphic or web designs. The passage is attributed to an unknown typesetter in the 15th century who is thought to have scrambled parts of Cicero\'s <em>De Finibus Bonorum et Malorum</em> for use in a type specimen book. It usually begins with:\n</p>\n      <blockquote class=\"page-section__blockquote\">“Lorem ipsum dolor sit amet, consectetur adipiscing elit, sed do eiusmod tempor incididunt ut labore et dolore magna aliqua.”</blockquote>\n      <p class=\"f4 cl-white mv16\">The purpose of <em>lorem ipsum</em> is to create a natural looking block of text (sentence, paragraph, page, etc.) that doesn\'t distract from the layout. A practice not without <a href=\"#controversy\" title=\"Controversy in the Design World\">controversy</a>, laying out pages with meaningless filler text can be very useful when the focus is meant to be on design, not content.\n</p>\n      <p class=\"f4 cl-white mv16\">The passage experienced a surge in popularity during the 1960s when Letraset used it on their dry-transfer sheets, and again during the 90s as desktop publishers bundled the text with their software. Today it\'s seen all around the web; on templates, websites, and stock designs. Use our <a href=\"#generator\" title=\"Lorem Ipsum Generator\">generator</a> to get your own, or read on for the authoritative history of <em>lorem ipsum</em>.\n</p>\n    </div>\n    <div class=\"g12-xs g3-xl page-display s-half-page\">\n      <div class=\"page-display__block\">\n\n        <div align=\"center\" data-freestar-ad=\"__300x600\" id=\"loremipsum_siderail_right_2\" name=\"loremipsum_siderail_right_2\" data-google-query-id=\"\">\n          <script data-cfasync=\"false\" type=\"text/javascript\">\n            freestar.config.enabled_slots.push({ placementName: \"loremipsum_siderail_right_2\", slotId: \"loremipsum_siderail_right_2\" });\n          </script>\n        <div id=\"google_ads_iframe_/15184186,22580084566/loremipsum_siderail_right_2_0__container__\" style=\"border: 0pt none; width: 300px; height: 0px;\"></div></div>\n      </div>\n    </div>\n  </div>', '2024-05-31 02:43:48', '2024-05-31 02:43:48'),
(12, 2, 'ASUS VIVOBOOK V12', 'assets/uploads/1717469046WIN_20230610_13_41_08_Pro.jpg', 'Lorem ipsum dolor sit amet, consectetur adipiscing elit, sed do eiusmod tempor incididunt ut labore et dolore magna aliqua. Ut enim ad minim veniam, quis nostrud exercitation ullamco laboris nisi ut aliquip ex ea commodo consequat.', '<div class=\"gr\">\r\n    <figure class=\"g12-xs g3-md page-section__image\">\r\n      <img src=\"https://loremipsum.io/assets/images/lorem-ipsum-magazine-layout.jpg\" alt=\"Lorem ipsum used in a magazine layout\">\r\n      <figcaption>\r\n        <div class=\"page-section__squiggle\">\r\n          <div class=\"page-section__squiggle-one\"></div>\r\n          <div class=\"page-section__squiggle-two\"></div>\r\n        </div>\r\n        <h4 class=\"f5 cl-gray-1 page-section__caption\">Magazine layout with lorem ipsum</h4>\r\n      </figcaption>\r\n    </figure>\r\n    <div class=\"g12-xs g9-md g6-xl page-section__block\">\r\n      <h3 class=\"f5 cl-orange mb16\">History, Purpose and Usage</h3>\r\n      <p class=\"f4 cl-white mt0 mb16\"><em>Lorem ipsum</em>, or <em>lipsum</em> as it is sometimes known, is dummy text used in laying out print, graphic or web designs. The passage is attributed to an unknown typesetter in the 15th century who is thought to have scrambled parts of Cicero\'s <em>De Finibus Bonorum et Malorum</em> for use in a type specimen book. It usually begins with:\r\n</p>\r\n      <blockquote class=\"page-section__blockquote\">“Lorem ipsum dolor sit amet, consectetur adipiscing elit, sed do eiusmod tempor incididunt ut labore et dolore magna aliqua.”</blockquote>\r\n      <p class=\"f4 cl-white mv16\">The purpose of <em>lorem ipsum</em> is to create a natural looking block of text (sentence, paragraph, page, etc.) that doesn\'t distract from the layout. A practice not without <a href=\"#controversy\" title=\"Controversy in the Design World\">controversy</a>, laying out pages with meaningless filler text can be very useful when the focus is meant to be on design, not content.\r\n</p>\r\n      <p class=\"f4 cl-white mv16\">The passage experienced a surge in popularity during the 1960s when Letraset used it on their dry-transfer sheets, and again during the 90s as desktop publishers bundled the text with their software. Today it\'s seen all around the web; on templates, websites, and stock designs. Use our <a href=\"#generator\" title=\"Lorem Ipsum Generator\">generator</a> to get your own, or read on for the authoritative history of <em>lorem ipsum</em>.\r\n</p>\r\n    </div>\r\n    <div class=\"g12-xs g3-xl page-display s-half-page\">\r\n      <div class=\"page-display__block\">\r\n\r\n        <div align=\"center\" data-freestar-ad=\"__300x600\" id=\"loremipsum_siderail_right_2\" name=\"loremipsum_siderail_right_2\" data-google-query-id=\"\">\r\n          <script data-cfasync=\"false\" type=\"text/javascript\">\r\n            freestar.config.enabled_slots.push({ placementName: \"loremipsum_siderail_right_2\", slotId: \"loremipsum_siderail_right_2\" });\r\n          </script>\r\n        <div id=\"google_ads_iframe_/15184186,22580084566/loremipsum_siderail_right_2_0__container__\" style=\"border: 0pt none; width: 300px; height: 0px;\"></div></div>\r\n      </div>\r\n    </div>\r\n  </div>', '2024-05-31 02:43:48', '2024-06-05 06:28:24');

-- --------------------------------------------------------

--
-- Table structure for table `users`
--

CREATE TABLE `users` (
  `id` int NOT NULL,
  `name` varchar(50) NOT NULL,
  `avatar` varchar(255) CHARACTER SET utf8mb4 COLLATE utf8mb4_0900_ai_ci DEFAULT NULL,
  `email` varchar(255) NOT NULL,
  `password` varchar(255) NOT NULL,
  `created_at` timestamp NULL DEFAULT CURRENT_TIMESTAMP,
  `updated_at` timestamp NULL DEFAULT CURRENT_TIMESTAMP,
  `role` int NOT NULL
) ENGINE=InnoDB DEFAULT CHARSET=utf8mb4 COLLATE=utf8mb4_0900_ai_ci;

--
-- Dumping data for table `users`
--

INSERT INTO `users` (`id`, `name`, `avatar`, `email`, `password`, `created_at`, `updated_at`, `role`) VALUES
(1, 'Nguyễn Thanh Phong', NULL, 'a@gmail.com', '$2y$10$rwOLHIUG2nk6WezDx9gdWe0yTfd90s9VGBAoKcxpZuCdKRaGr8noW', '2024-06-03 02:44:04', '2024-06-03 12:44:04', 0),
(3, 'Nguyễn Thanh 0', NULL, 'a0@gmail.com', '$2y$10$ptYNNLjhkvab0Pxr5RpKz.MT0YGcqwDg4ombXrAPLZ4PUROd.ZYre', '2024-06-03 02:47:57', '2024-06-03 02:47:57', 0),
(4, 'Nguyễn Thanh 1', NULL, 'a1@gmail.com', '$2y$10$83O/OR/iOWD9PuOm3b6kO.Z9vjByokSsL6A6GW0Dxg5Mehp2YRBBS', '2024-06-03 02:47:57', '2024-06-03 02:47:57', 0),
(5, 'Nguyễn Thanh 2', NULL, 'a2@gmail.com', '$2y$10$9Ze20PQvUjANhdmWo2I4TOMRZgYfDTw5bc2gCNBaC1omaIhCiKfU.', '2024-06-03 02:47:57', '2024-06-03 02:47:57', 0),
(6, 'Nguyễn Thanh 3', NULL, 'a3@gmail.com', '$2y$10$SNT5RKjleD74mwm0MDfbn.Am0z9blTdImmIsUWFuh45isKbw4gVsi', '2024-06-03 02:47:57', '2024-06-03 02:47:57', 0),
(7, 'Nguyễn Thanh 4', NULL, 'a4@gmail.com', '$2y$10$VLnns.F5HgWaha.0kGATe.DLH6oJeN59CAbTdM6kqfvBpPehTO0xy', '2024-06-03 02:47:57', '2024-06-03 02:47:57', 0),
(8, 'Nguyễn Thanh 5', NULL, 'a5@gmail.com', '$2y$10$K75ZaFlBQK5twszNovuZoevk9tAapLCTRtqKePlstntqkLIOGUmze', '2024-06-03 02:47:57', '2024-06-03 02:47:57', 0),
(9, 'Nguyễn Thanh 6', 'assets/uploads/1717937671Screenshot 2024-06-06 143303.png', 'a6@gmail.com', '$2y$10$roFAup.UEsAx6j2vlMXCROz5wWYGCuW7dgcySEDXrxQ5BsTQrZzEu', '2024-06-03 02:47:57', '2024-06-03 02:47:57', 0),
(14, 'phong', 'assets/uploads/1717952539Screenshot 2024-06-06 155132.png', 'ph@fpt.edu.vn', '$2y$10$TxNwlVAJpz3saHrPem3Iju2XTn01CbyXY0FcsqK2Uf5iiuNgWWTBa', '2024-06-09 17:02:19', '2024-06-09 17:02:19', 0);

--
-- Indexes for dumped tables
--

--
-- Indexes for table `categories`
--
ALTER TABLE `categories`
  ADD PRIMARY KEY (`id`),
  ADD UNIQUE KEY `name` (`name`);

--
-- Indexes for table `products`
--
ALTER TABLE `products`
  ADD PRIMARY KEY (`id`),
  ADD KEY `category_id` (`category_id`);

--
-- Indexes for table `users`
--
ALTER TABLE `users`
  ADD PRIMARY KEY (`id`),
  ADD UNIQUE KEY `email` (`email`);

--
-- AUTO_INCREMENT for dumped tables
--

--
-- AUTO_INCREMENT for table `categories`
--
ALTER TABLE `categories`
  MODIFY `id` int NOT NULL AUTO_INCREMENT, AUTO_INCREMENT=3;

--
-- AUTO_INCREMENT for table `products`
--
ALTER TABLE `products`
  MODIFY `id` int NOT NULL AUTO_INCREMENT, AUTO_INCREMENT=16;

--
-- AUTO_INCREMENT for table `users`
--
ALTER TABLE `users`
  MODIFY `id` int NOT NULL AUTO_INCREMENT, AUTO_INCREMENT=15;

--
-- Constraints for dumped tables
--

--
-- Constraints for table `products`
--
ALTER TABLE `products`
  ADD CONSTRAINT `products_ibfk_1` FOREIGN KEY (`category_id`) REFERENCES `categories` (`id`) ON DELETE RESTRICT ON UPDATE RESTRICT;
COMMIT;

/*!40101 SET CHARACTER_SET_CLIENT=@OLD_CHARACTER_SET_CLIENT */;
/*!40101 SET CHARACTER_SET_RESULTS=@OLD_CHARACTER_SET_RESULTS */;
/*!40101 SET COLLATION_CONNECTION=@OLD_COLLATION_CONNECTION */;
